상품명,이미지url,할인가,상세 페이지,상품코드
[아모스프로페셔널]1+1 아모스 퓨어 스마트 프레시(산뜻한 타입) 샴푸 500g 무료배송,https:////gdimg.gmarket.co.kr/2847745852/still/300?ver=2023032909,"32,100원",http://item.gmarket.co.kr/Item?goodscode=2847745852&ver=638156772875371091,2847745852
[아모스프로페셔널]1+1 아모스 컬링 에센스 2X 150ml 당일발송,https:////gdimg.gmarket.co.kr/1833766346/still/300?ver=2023032909,"24,100원",http://item.gmarket.co.kr/Item?goodscode=1833766346&ver=638156772875371091,1833766346
[이클립스]이클립스 캔디 8개 골라담기,https:////gdimg.gmarket.co.kr/1707731465/still/300?ver=2023032909,"14,940원",http://item.gmarket.co.kr/Item?goodscode=1707731465&ver=638156772875371091,1707731465
[아모스프로페셔널]아모스 녹차실감 샴푸액 지성 500g 1+1,https:////gdimg.gmarket.co.kr/1158321387/still/300?ver=2023032909,"46,400원",http://item.gmarket.co.kr/Item?goodscode=1158321387&ver=638156772875371091,1158321387
[베베숲]프리미어 70매 캡 20팩,https:////gdimg.gmarket.co.kr/1157707109/still/300?ver=2023032909,"35,900원",http://item.gmarket.co.kr/Item?goodscode=1157707109&ver=638156772875371091,1157707109
[무궁화]브라이트 초고농축 캡슐세제 파우치형 4개 (120개입),https:////gdimg.gmarket.co.kr/2490031978/still/300?ver=2023032909,"31,000원",http://item.gmarket.co.kr/Item?goodscode=2490031978&ver=638156772875371091,2490031978
퓨어스펙 오렌지 중소과(개당160g내외) 24과 /2개주문시 52과발송,https:////gdimg.gmarket.co.kr/1592768819/still/300?ver=2023032909,"16,900원",http://item.gmarket.co.kr/Item?goodscode=1592768819&ver=638156772875371091,1592768819
1+1 원터치 암막 휴대용우산 초경량 300g 양산 접이식 우양산 UV차단,https:////gdimg.gmarket.co.kr/2793776596/still/300?ver=2023032909,"10,500원",http://item.gmarket.co.kr/Item?goodscode=2793776596&ver=638156772875371091,2793776596
[깨끗한나라]깨끗한나라 순수시그니처 화장지 브라운 30m 30롤 2팩,https:////gdimg.gmarket.co.kr/2317863111/still/300?ver=2023032909,"36,700원",http://item.gmarket.co.kr/Item?goodscode=2317863111&ver=638156772875371091,2317863111
[크리넥스]안심클래식 키친타올 120매 4롤 4팩 / 화장지 휴지,https:////gdimg.gmarket.co.kr/1503717275/still/300?ver=2023032909,"16,900원",http://item.gmarket.co.kr/Item?goodscode=1503717275&ver=638156772875371091,1503717275
[소다스쿨]20%+5%과탄산소다 특대용량 7kg /산소계 표백제,https:////gdimg.gmarket.co.kr/1827907353/still/300?ver=2023032909,"15,000원",http://item.gmarket.co.kr/Item?goodscode=1827907353&ver=638156772875371091,1827907353
[유니레버]스너글 섬유유연제 허거블 코튼4L+리필1.5L +세탁망,https:////gdimg.gmarket.co.kr/1894144268/still/300?ver=2023032909,"22,500원",http://item.gmarket.co.kr/Item?goodscode=1894144268&ver=638156772875371091,1894144268
[더미식]더미식 백미밥 210g 24개+장인라면 컵라면 증정,https:////gdimg.gmarket.co.kr/2245630240/still/300?ver=2023032909,"23,900원",http://item.gmarket.co.kr/Item?goodscode=2245630240&ver=638156772875371091,2245630240
[한상궁김치]100% 국산 열무김치 2kg 열무국수 열무비빔밥 열무냉면,https:////gdimg.gmarket.co.kr/1798111271/still/300?ver=2023032909,"14,900원",http://item.gmarket.co.kr/Item?goodscode=1798111271&ver=638156772875371091,1798111271
[시크릿데이](총 96P 14900원) NEW 부드러움 6팩 블랙 생리대 외 복수구매 사은품 증정,https:////gdimg.gmarket.co.kr/2300689888/still/300?ver=2023032909,"19,900원",http://item.gmarket.co.kr/Item?goodscode=2300689888&ver=638156772875371091,2300689888
[아빠식당]요즘대세 놀이공원 츄러스220g(10개입) x 3팩 총 30개 (설탕포함),https:////gdimg.gmarket.co.kr/2839548480/still/300?ver=2023032909,"16,600원",http://item.gmarket.co.kr/Item?goodscode=2839548480&ver=638156772875371091,2839548480
[크리오]뉴퍼펙션 차콜초극세모 칫솔 30개,https:////gdimg.gmarket.co.kr/2352665228/still/300?ver=2023032909,"12,900원",http://item.gmarket.co.kr/Item?goodscode=2352665228&ver=638156772875371091,2352665228
[도브]도브 비누 시어버터바 135g 12개 + 치약 1개 (최종 12680원),https:////gdimg.gmarket.co.kr/2505034450/still/300?ver=2023032909,"16,900원",http://item.gmarket.co.kr/Item?goodscode=2505034450&ver=638156772875371091,2505034450
[어스본코리아](한정수량 특가)어스본 플랩북 세트 선택구매,https:////gdimg.gmarket.co.kr/2829088222/still/300?ver=2023032909,"33,000원",http://item.gmarket.co.kr/Item?goodscode=2829088222&ver=638156772875371091,2829088222
[탑텐키즈](신세계타임스퀘어점패션관)탑텐키즈 22년 S/S (아동) 비치타올 후드 (MKC2TH3901),https:////gdimg.gmarket.co.kr/2492813258/still/300?ver=2023032909,"16,720원",http://item.gmarket.co.kr/Item?goodscode=2492813258&ver=638156772875371091,2492813258
[구글플레이]기프트코드 10만원 / 구글 기프트카드,https:////gdimg.gmarket.co.kr/1655242371/still/300?ver=2023032909,"95,000원",http://item.gmarket.co.kr/Item?goodscode=1655242371&ver=638156772875371091,1655242371
[크리넥스]크리넥스 3겹 순수소프트화장지 28m 24롤x2팩,https:////gdimg.gmarket.co.kr/2630133303/still/300?ver=2023032909,"34,900원",http://item.gmarket.co.kr/Item?goodscode=2630133303&ver=638156772875371091,2630133303
[반스](신세계센텀점)[반스(VANS)] 스니커즈 모음전 (옵션가),https:////gdimg.gmarket.co.kr/2848258128/still/300?ver=2023032909,"31,880원",http://item.gmarket.co.kr/Item?goodscode=2848258128&ver=638156772875371091,2848258128
[페넬로페]아기물티슈 본보야지 메종 캡형 70매 10팩+10팩,https:////gdimg.gmarket.co.kr/2365905636/still/300?ver=2023032909,"24,900원",http://item.gmarket.co.kr/Item?goodscode=2365905636&ver=638156772875371091,2365905636
기린 인기 팥빵 꿀호떡 카스테라 소보로 크림빵 등 10종 10개 골라담기,https:////gdimg.gmarket.co.kr/1570842061/still/300?ver=2023032909,"9,900원",http://item.gmarket.co.kr/Item?goodscode=1570842061&ver=638156772875371091,1570842061
퓨어스펙 고당도 오렌지 대과(개당230g내외) 11과 /2개주문시 24과발송,https:////gdimg.gmarket.co.kr/2810927407/still/300?ver=2023032909,"20,900원",http://item.gmarket.co.kr/Item?goodscode=2810927407&ver=638156772875371091,2810927407
[카포드]듀얼코어 4in1 캡슐세탁세제 _(쿠폰최종가 26350) 브라이트닝 30+30개입 / 일반용드럼용 공용,https:////gdimg.gmarket.co.kr/1954262117/still/300?ver=2023032909,"33,000원",http://item.gmarket.co.kr/Item?goodscode=1954262117&ver=638156772875371091,1954262117
[페넬로페]아기물티슈 본보야지 에펠 캡형 70매 10팩+10팩,https:////gdimg.gmarket.co.kr/2391069387/still/300?ver=2023032909,"30,900원",http://item.gmarket.co.kr/Item?goodscode=2391069387&ver=638156772875371091,2391069387
[베이비뵨]스몰 베이비 빕 세트 2Pack / 이유식 턱받이,https:////gdimg.gmarket.co.kr/1962270991/still/300?ver=2023032909,"21,250원",http://item.gmarket.co.kr/Item?goodscode=1962270991&ver=638156772875371091,1962270991
[롯데리아](선물하기 특가) 롯데리아 모바일 금액권 1만원권,https:////gdimg.gmarket.co.kr/2722597474/still/300?ver=2023032909,"8,900원",http://item.gmarket.co.kr/Item?goodscode=2722597474&ver=638156772875371091,2722597474
빨간 사과 햇 부사 4.5KG 중과 (14-22과) / 12brix 이상,https:////gdimg.gmarket.co.kr/2543469101/still/300?ver=2023032909,"14,900원",http://item.gmarket.co.kr/Item?goodscode=2543469101&ver=638156772875371091,2543469101
[아모스프로페셔널]1+1 아모스 녹차실감 중건성(촉촉한 타입) 샴푸 500g  무료배송,https:////gdimg.gmarket.co.kr/2847712564/still/300?ver=2023032909,"31,900원",http://item.gmarket.co.kr/Item?goodscode=2847712564&ver=638156772875371091,2847712564
[에바스]로에랑스 퍼퓸 바디미스트/샤워코롱 250ml 1+1+정품하나더(+행사중)(최종가:13430원),https:////gdimg.gmarket.co.kr/832114998/still/300?ver=2023032909,"16,600원",http://item.gmarket.co.kr/Item?goodscode=832114998&ver=638156772875371091,832114998&
[동원에프앤비]라이트스탠다드 85g x 14캔,https:////gdimg.gmarket.co.kr/1778760847/still/300?ver=2023032909,"21,000원",http://item.gmarket.co.kr/Item?goodscode=1778760847&ver=638156772875371091,1778760847
[농협]화산농협 해남 황토 호박고구마 9kg(4.5kg2박스),https:////gdimg.gmarket.co.kr/2866270125/still/300?ver=2023032909,"29,900원",http://item.gmarket.co.kr/Item?goodscode=2866270125&ver=638156772875371091,2866270125
[서울우유]멸균우유 1000ml x 10입 (1박스),https:////gdimg.gmarket.co.kr/1920684660/still/300?ver=2023032909,"25,300원",http://item.gmarket.co.kr/Item?goodscode=1920684660&ver=638156772875371091,1920684660
[유한락스]유한락스 욕실청소용 500ml 총 4개,https:////gdimg.gmarket.co.kr/2487711970/still/300?ver=2023032909,"12,900원",http://item.gmarket.co.kr/Item?goodscode=2487711970&ver=638156772875371091,2487711970
[구글플레이]기프트코드 5만원 / 구글 기프트카드,https:////gdimg.gmarket.co.kr/1655242060/still/300?ver=2023032909,"47,500원",http://item.gmarket.co.kr/Item?goodscode=1655242060&ver=638156772875371091,1655242060
썬키스트 카라카라 오렌지 중과(200g내외) 15과 /2개주문시 33과발송,https:////gdimg.gmarket.co.kr/2388032148/still/300?ver=2023032909,"17,900원",http://item.gmarket.co.kr/Item?goodscode=2388032148&ver=638156772875371091,2388032148
[데일리앤](주문급증) 스텔라 샤 레이스 롱 스커트,https:////gdimg.gmarket.co.kr/1296906433/still/300?ver=2023032909,"14,800원",http://item.gmarket.co.kr/Item?goodscode=1296906433&ver=638156772875371091,1296906433
[매일유업]요미요미 유기농 주스 125ml 24팩 모음,https:////gdimg.gmarket.co.kr/2628342593/still/300?ver=2023032909,"17,900원",http://item.gmarket.co.kr/Item?goodscode=2628342593&ver=638156772875371091,2628342593
키즈 원리셈/ 원리셈 세트,https:////gdimg.gmarket.co.kr/2122159837/still/300?ver=2023032909,"41,310원",http://item.gmarket.co.kr/Item?goodscode=2122159837&ver=638156772875371091,2122159837
1+1 1989 뉴욕 자수로고 볼캡 남여공용 야구 모자 썬캡 버킷햇,https:////gdimg.gmarket.co.kr/2808997839/still/300?ver=2023032909,"9,900원",http://item.gmarket.co.kr/Item?goodscode=2808997839&ver=638156772875371091,2808997839
[피죤]피죤 섬유유연제 3100ml 4개 핑크로즈,https:////gdimg.gmarket.co.kr/1635847712/still/300?ver=2023032909,"16,900원",http://item.gmarket.co.kr/Item?goodscode=1635847712&ver=638156772875371091,1635847712
[그린핑거]유아용품 소독티슈 캡형 50매X10팩 W,https:////gdimg.gmarket.co.kr/2611953996/still/300?ver=2023032909,"23,000원",http://item.gmarket.co.kr/Item?goodscode=2611953996&ver=638156772875371091,2611953996
산지직송 당도선별 가정용  성주참외 5kg 랜덤 GAP인증,https:////gdimg.gmarket.co.kr/2061782268/still/300?ver=2023032909,"29,900원",http://item.gmarket.co.kr/Item?goodscode=2061782268&ver=638156772875371091,2061782268
[아모스프로페셔널]1+1 아모스 퓨어 스마트 쿨 샴푸 500g 무료배송,https:////gdimg.gmarket.co.kr/2847751465/still/300?ver=2023032909,"22,500원",http://item.gmarket.co.kr/Item?goodscode=2847751465&ver=638156772875371091,2847751465
[스파클]스파클생수 500ml 100병 무라벨생수,https:////gdimg.gmarket.co.kr/2584905546/still/300?ver=2023032909,"19,900원",http://item.gmarket.co.kr/Item?goodscode=2584905546&ver=638156772875371091,2584905546
[동원참치]동원 라이트 스탠다드 참치 150g 원터치 10개,https:////gdimg.gmarket.co.kr/1579104167/still/300?ver=2023032909,"21,900원",http://item.gmarket.co.kr/Item?goodscode=1579104167&ver=638156772875371091,1579104167
수원의 명물 남문통닭 수원왕갈비통닭 X 2EA,https:////gdimg.gmarket.co.kr/2844196927/still/300?ver=2023032909,"19,900원",http://item.gmarket.co.kr/Item?goodscode=2844196927&ver=638156772875371091,2844196927
[티비제이]TBJ 마지막 늦겨울 파워세일 인기 의류 통합전,https:////gdimg.gmarket.co.kr/2476944118/still/300?ver=2023032909,"10,900원",http://item.gmarket.co.kr/Item?goodscode=2476944118&ver=638156772875371091,2476944118
[핑크랩](최종가 17900원) 핑크랩 레디백 여행 캐리어 + 트레블키트(입오버대형 1매X2팩) 외 그램 생리대 기획전,https:////gdimg.gmarket.co.kr/2595261633/still/300?ver=2023032909,"25,900원",http://item.gmarket.co.kr/Item?goodscode=2595261633&ver=638156772875371091,2595261633
(할인특가) 어깨동무 - 사운드북세트 : 옵션 선택구매,https:////gdimg.gmarket.co.kr/2855298653/still/300?ver=2023032909,"34,900원",http://item.gmarket.co.kr/Item?goodscode=2855298653&ver=638156772875371091,2855298653
팸퍼스 기저귀 베이비드라이 2박스 모음전+스타벅스 5천원권 증정,https:////gdimg.gmarket.co.kr/1791763241/still/300?ver=2023032909,"118,660원",http://item.gmarket.co.kr/Item?goodscode=1791763241&ver=638156772875371091,1791763241
[블루독](신세계강남점)23년SS신상) 23175-415-05(MG)쿨기능트레이닝팬츠(정가65000원),https:////gdimg.gmarket.co.kr/2789552379/still/300?ver=2023032909,"31,690원",http://item.gmarket.co.kr/Item?goodscode=2789552379&ver=638156772875371091,2789552379
[모르간]런칭가 89.900원 MORGAN 슬릿 와이드 팬츠 2종,https:////gdimg.gmarket.co.kr/2782274240/still/300?ver=2023032909,"69,900원",http://item.gmarket.co.kr/Item?goodscode=2782274240&ver=638156772875371091,2782274240
[레모나]카카오 레모나산 (2g X 70포)/하루특가/사은품 2종/환절기비타민충전,https:////gdimg.gmarket.co.kr/2179332383/still/300?ver=2023032909,"13,900원",http://item.gmarket.co.kr/Item?goodscode=2179332383&ver=638156772875371091,2179332383
[호정가]호정가 찹쌀약과세트 1KG / 달콤한 전통과자세트,https:////gdimg.gmarket.co.kr/2006102802/still/300?ver=2023032909,"9,900원",http://item.gmarket.co.kr/Item?goodscode=2006102802&ver=638156772875371091,2006102802
두메산골 오리 양념 주물럭 300g  5팩,https:////gdimg.gmarket.co.kr/2832698785/still/300?ver=2023032909,"23,900원",http://item.gmarket.co.kr/Item?goodscode=2832698785&ver=638156772875371091,2832698785
22년햅쌀 특등급진도선진농협 보배진미쌀 10kg2포,https:////gdimg.gmarket.co.kr/2841816366/still/300?ver=2023032909,"52,000원",http://item.gmarket.co.kr/Item?goodscode=2841816366&ver=638156772875371091,2841816366
[구글플레이]기프트코드 3만원 / 구글 기프트카드,https:////gdimg.gmarket.co.kr/1655241628/still/300?ver=2023032909,"28,500원",http://item.gmarket.co.kr/Item?goodscode=1655241628&ver=638156772875371091,1655241628
원어민줌클래스/영어/니키선생님/My Math/매주화요일/주1회/12주코스,https:////gdimg.gmarket.co.kr/2333978151/still/300?ver=2023032909,"120,000원",http://item.gmarket.co.kr/Item?goodscode=2333978151&ver=638156772875371091,2333978151
[청정원]리치부어스트 할라피뇨 1.5kg 1개,https:////gdimg.gmarket.co.kr/2760898851/still/300?ver=2023032909,"22,500원",http://item.gmarket.co.kr/Item?goodscode=2760898851&ver=638156772875371091,2760898851
[어니스트초이스]통삼겹살 2kg 슬라이스 4등분 선택가능,https:////gdimg.gmarket.co.kr/2444141565/still/300?ver=2023032909,"26,900원",http://item.gmarket.co.kr/Item?goodscode=2444141565&ver=638156772875371091,2444141565
[SSG Fresh]맛있게 매운맛  하남쭈꾸미 500g X 3팩,https:////gdimg.gmarket.co.kr/2098259811/still/300?ver=2023032909,"30,900원",http://item.gmarket.co.kr/Item?goodscode=2098259811&ver=638156772875371091,2098259811
[안티프라그]부광 얇은헤드 칫솔 초극세모 12입 X 3세트,https:////gdimg.gmarket.co.kr/2184819687/still/300?ver=2023032909,"17,000원",http://item.gmarket.co.kr/Item?goodscode=2184819687&ver=638156772875371091,2184819687
[페넬로페]페넬로페 씬씬씬 플러스/NEW 씬씬씬 아이스 썸머 외 팬티 밴드 기저귀 모음,https:////gdimg.gmarket.co.kr/2511507258/still/300?ver=2023032909,"50,600원",http://item.gmarket.co.kr/Item?goodscode=2511507258&ver=638156772875371091,2511507258
이맛쌀 20kg,https:////gdimg.gmarket.co.kr/2522267922/still/300?ver=2023032909,"44,900원",http://item.gmarket.co.kr/Item?goodscode=2522267922&ver=638156772875371091,2522267922
[오뚜기밥]오뚜기 맛있는 밥 30입(210g10 x 3개),https:////gdimg.gmarket.co.kr/2544143516/still/300?ver=2023032909,"26,900원",http://item.gmarket.co.kr/Item?goodscode=2544143516&ver=638156772875371091,2544143516
원신기농장 포곤포곤 수미감자  3kg(특/개당중량100g이상),https:////gdimg.gmarket.co.kr/2859764769/still/300?ver=2023032909,"18,000원",http://item.gmarket.co.kr/Item?goodscode=2859764769&ver=638156772875371091,2859764769
[샐리의법칙]입는 오버나이트 팬티형 생리대 대형(3입) x 5팩 순면감촉 안심팬티,https:////gdimg.gmarket.co.kr/2763765853/still/300?ver=2023032909,"13,900원",http://item.gmarket.co.kr/Item?goodscode=2763765853&ver=638156772875371091,2763765853
[에잇세컨즈]15%쿠폰 에잇세컨즈 봄맞이 코디 완성 가디건/니트/슬랙스,https:////gdimg.gmarket.co.kr/1928561189/still/300?ver=2023032909,"26,200원",http://item.gmarket.co.kr/Item?goodscode=1928561189&ver=638156772875371091,1928561189
[올젠]면 스판 카푸치노 팬츠 8종 ZAC5PP1191,https:////gdimg.gmarket.co.kr/2805355151/still/300?ver=2023032909,"24,000원",http://item.gmarket.co.kr/Item?goodscode=2805355151&ver=638156772875371091,2805355151
[아모스프로페셔널]1+1 아모스 녹차실감 민감성(부드러운 타입) 샴푸 500g 무료배송,https:////gdimg.gmarket.co.kr/2847721377/still/300?ver=2023032909,"31,900원",http://item.gmarket.co.kr/Item?goodscode=2847721377&ver=638156772875371091,2847721377
원어민줌클래스/영어/니키선생님/원더스 GK단계/매주 월요일/총12회/12주코스,https:////gdimg.gmarket.co.kr/2567127575/still/300?ver=2023032909,"120,000원",http://item.gmarket.co.kr/Item?goodscode=2567127575&ver=638156772875371091,2567127575
[해피바스]해피바스 바디워시900g 3종세트 유자/체리/자몽,https:////gdimg.gmarket.co.kr/2099999838/still/300?ver=2023032909,"17,900원",http://item.gmarket.co.kr/Item?goodscode=2099999838&ver=638156772875371091,2099999838
[이너리즘]5장세트 소프트 터치 심리스 투톤 모달팬티,https:////gdimg.gmarket.co.kr/2500848672/still/300?ver=2023032909,"10,000원",http://item.gmarket.co.kr/Item?goodscode=2500848672&ver=638156772875371091,2500848672
[스타벅스]스타벅스 캡슐커피 by 네스프레소 5박스(50개입)/스벅 머그컵+초콜릿 증정/2세트 스벅 무료음료권 추가증정,https:////gdimg.gmarket.co.kr/2510397348/still/300?ver=2023032909,"31,950원",http://item.gmarket.co.kr/Item?goodscode=2510397348&ver=638156772875371091,2510397348
자연산 손질통오징어대130g22마리,https:////gdimg.gmarket.co.kr/2785563009/still/300?ver=2023032909,"40,900원",http://item.gmarket.co.kr/Item?goodscode=2785563009&ver=638156772875371091,2785563009
무안 유기농 달수꿀고구마 5kg(한입),https:////gdimg.gmarket.co.kr/2352273475/still/300?ver=2023032909,"11,900원",http://item.gmarket.co.kr/Item?goodscode=2352273475&ver=638156772875371091,2352273475
[햇반]햇반 210g x24입,https:////gdimg.gmarket.co.kr/2328254013/still/300?ver=2023032909,"27,970원",http://item.gmarket.co.kr/Item?goodscode=2328254013&ver=638156772875371091,2328254013
과일꾼 성주 벌꿀 참외 가정용 소과 2kg 10-14과,https:////gdimg.gmarket.co.kr/2470165735/still/300?ver=2023032909,"18,900원",http://item.gmarket.co.kr/Item?goodscode=2470165735&ver=638156772875371091,2470165735
[에코버]에코버 식기세척기세제 올인원 440g+가위 증정,https:////gdimg.gmarket.co.kr/2722476942/still/300?ver=2023032909,"17,500원",http://item.gmarket.co.kr/Item?goodscode=2722476942&ver=638156772875371091,2722476942
[2080]2080 퓨어 마운틴 솔트 치약 핑크 120g 12개,https:////gdimg.gmarket.co.kr/1771516558/still/300?ver=2023032909,"18,900원",http://item.gmarket.co.kr/Item?goodscode=1771516558&ver=638156772875371091,1771516558
(봄이아트북스) 공룡 대발이 수학동화/과학동화 선택구매,https:////gdimg.gmarket.co.kr/2683597416/still/300?ver=2023032909,"148,000원",http://item.gmarket.co.kr/Item?goodscode=2683597416&ver=638156772875371091,2683597416
[열라면]열라면 멀티팩 (120GX5입) 8개(1박스),https:////gdimg.gmarket.co.kr/2429045798/still/300?ver=2023032909,"24,600원",http://item.gmarket.co.kr/Item?goodscode=2429045798&ver=638156772875371091,2429045798
[앙방]베이비 앤 키즈 (5%+20%최종23930원)대용량 아토 아기로션 500ml 1+1개+브라운 터치 비데 물티슈 휴대 2팩,https:////gdimg.gmarket.co.kr/2368137166/still/300?ver=2023032909,"31,900원",http://item.gmarket.co.kr/Item?goodscode=2368137166&ver=638156772875371091,2368137166
[티르티르]역대최대용량 티르티르 물광 콜라겐生생크림 물광마스크 10통,https:////gdimg.gmarket.co.kr/2868462267/still/300?ver=2023032909,"146,000원",http://item.gmarket.co.kr/Item?goodscode=2868462267&ver=638156772875371091,2868462267
[애경]케라시스 퍼퓸 샴푸/린스 980ml x4개 +샴푸180ml 증정,https:////gdimg.gmarket.co.kr/2219385779/still/300?ver=2023032909,"21,510원",http://item.gmarket.co.kr/Item?goodscode=2219385779&ver=638156772875371091,2219385779
[메디플라워]곡물 클렌징폼/폼클렌징 1+1+1 +1+1/150ml,https:////gdimg.gmarket.co.kr/462942360/still/300?ver=2023032909,"9,500원",http://item.gmarket.co.kr/Item?goodscode=462942360&ver=638156772875371091,462942360&
[탑텐]탑텐 본사직영 쿨에어/티셔츠/폴로티/스웨터 외 특가,https:////gdimg.gmarket.co.kr/2568237082/still/300?ver=2023032909,"9,290원",http://item.gmarket.co.kr/Item?goodscode=2568237082&ver=638156772875371091,2568237082
[스파클]스파클생수 2L 30병 무라벨생수,https:////gdimg.gmarket.co.kr/2007982106/still/300?ver=2023032909,"16,900원",http://item.gmarket.co.kr/Item?goodscode=2007982106&ver=638156772875371091,2007982106
더코코리 썸원박스 프린트 박스 티셔츠  무료배송 단독특가 주문1위,https:////gdimg.gmarket.co.kr/2842342253/still/300?ver=2023032909,"12,900원",http://item.gmarket.co.kr/Item?goodscode=2842342253&ver=638156772875371091,2842342253
[밀크바오밥]20%+5% 리필증정 1+1 샴푸 트리트먼트 워시 베이비키즈 브레드이발소,https:////gdimg.gmarket.co.kr/776433041/still/300?ver=2023032909,"26,900원",http://item.gmarket.co.kr/Item?goodscode=776433041&ver=638156772875371091,776433041&
[슈퍼대디]아기물티슈  (선착순 23900원) 시그니처77 아기물티슈 캡형 70매 20팩 (77g),https:////gdimg.gmarket.co.kr/2207925356/still/300?ver=2023032909,"31,900원",http://item.gmarket.co.kr/Item?goodscode=2207925356&ver=638156772875371091,2207925356
[동원에프앤비]동원 현미밥 130g 24개 (1박스),https:////gdimg.gmarket.co.kr/2585210198/still/300?ver=2023032909,"21,900원",http://item.gmarket.co.kr/Item?goodscode=2585210198&ver=638156772875371091,2585210198
[시매쓰출판]시매쓰 빨강도형/빨강연산 단계별 선택구매,https:////gdimg.gmarket.co.kr/2741722458/still/300?ver=2023032909,"30,800원",http://item.gmarket.co.kr/Item?goodscode=2741722458&ver=638156772875371091,2741722458
[구글플레이]기프트코드 20만원 / 구글 기프트카드,https:////gdimg.gmarket.co.kr/1655243018/still/300?ver=2023032909,"190,000원",http://item.gmarket.co.kr/Item?goodscode=1655243018&ver=638156772875371091,1655243018
[려]자양윤모 9ex 탈모전문케어 샴푸(지성)400ml 3입,https:////gdimg.gmarket.co.kr/2380938484/still/300?ver=2023032909,"20,000원",http://item.gmarket.co.kr/Item?goodscode=2380938484&ver=638156772875371091,2380938484
[콜게이트]콜게이트 그레이트 레귤러 플레버 치약 175g X 6개,https:////gdimg.gmarket.co.kr/2257580522/still/300?ver=2023032909,"20,900원",http://item.gmarket.co.kr/Item?goodscode=2257580522&ver=638156772875371091,2257580522
제이프랑/여름신상 티셔츠/팬츠/트레이닝세트/반팔,https:////gdimg.gmarket.co.kr/2624877870/still/300?ver=2023032909,"14,900원",http://item.gmarket.co.kr/Item?goodscode=2624877870&ver=638156772875371091,2624877870
[삠뽀요]삠뽀요 봄SALE 3장이상구매시 1천원할인/등원복/상하복/티셔츠/레깅스/팬츠,https:////gdimg.gmarket.co.kr/900637906/still/300?ver=2023032909,"12,900원",http://item.gmarket.co.kr/Item?goodscode=900637906&ver=638156772875371091,900637906&
[네파](신세계경기점)네파 NEPA DS-BG 디에스슬링백 7JG7550,https:////gdimg.gmarket.co.kr/2839941572/still/300?ver=2023032909,"29,790원",http://item.gmarket.co.kr/Item?goodscode=2839941572&ver=638156772875371091,2839941572
[고려은단]비타민C 1000 600정 X 1개 (20개월분),https:////gdimg.gmarket.co.kr/1589098023/still/300?ver=2023032909,"41,900원",http://item.gmarket.co.kr/Item?goodscode=1589098023&ver=638156772875371091,1589098023
[풀무원]풀무원 살아있는 실의 힘 검정약콩 나또 40팩,https:////gdimg.gmarket.co.kr/2063980538/still/300?ver=2023032909,"46,850원",http://item.gmarket.co.kr/Item?goodscode=2063980538&ver=638156772875371091,2063980538
[코디]뉴플라워 미용티슈 250매 6입 2팩 각티슈 화장지,https:////gdimg.gmarket.co.kr/1789099739/still/300?ver=2023032909,"24,900원",http://item.gmarket.co.kr/Item?goodscode=1789099739&ver=638156772875371091,1789099739
[마이비데키즈]마이비데 키즈 캡 40매x9개x2개/화장실/물티슈/배변훈련,https:////gdimg.gmarket.co.kr/2514308532/still/300?ver=2023032909,"29,500원",http://item.gmarket.co.kr/Item?goodscode=2514308532&ver=638156772875371091,2514308532
[잘풀리는집]잘풀리는집 리얼실키 미용티슈 240매12개/각티슈/휴지,https:////gdimg.gmarket.co.kr/958030778/still/300?ver=2023032909,"17,900원",http://item.gmarket.co.kr/Item?goodscode=958030778&ver=638156772875371091,958030778&
[프로젝트M]프로젝트M 봄 신상 역대급 특가,https:////gdimg.gmarket.co.kr/2298519245/still/300?ver=2023032909,"27,900원",http://item.gmarket.co.kr/Item?goodscode=2298519245&ver=638156772875371091,2298519245
[아웃도어프로덕츠]본사직영 봄맞이 PICK 티셔츠/바지/치마/원피스,https:////gdimg.gmarket.co.kr/2839627554/still/300?ver=2023032909,"53,620원",http://item.gmarket.co.kr/Item?goodscode=2839627554&ver=638156772875371091,2839627554
[비오템옴므](신세계강남점)[3SSG] 아쿠아파워 올인원 200ml 세트,https:////gdimg.gmarket.co.kr/2084801019/still/300?ver=2023032909,"49,600원",http://item.gmarket.co.kr/Item?goodscode=2084801019&ver=638156772875371091,2084801019
[김정문알로에]김정문알로에 큐어 젤리 마스크(그린) 10매 1+1,https:////gdimg.gmarket.co.kr/2511613457/still/300?ver=2023032909,"18,900원",http://item.gmarket.co.kr/Item?goodscode=2511613457&ver=638156772875371091,2511613457
[쟌슨빌소시지]육즙가득 쟌슨빌 소시지 1670g 2종 택1,https:////gdimg.gmarket.co.kr/1635823299/still/300?ver=2023032909,"34,390원",http://item.gmarket.co.kr/Item?goodscode=1635823299&ver=638156772875371091,1635823299
[도브]도브 비누 센스티브바 90g 12개 + 치약1개,https:////gdimg.gmarket.co.kr/1677520166/still/300?ver=2023032909,"16,500원",http://item.gmarket.co.kr/Item?goodscode=1677520166&ver=638156772875371091,1677520166
[노스페이스]노스페이스 SS BEST ITEM 의류/용품/신발 50종 모음,https:////gdimg.gmarket.co.kr/1445154131/still/300?ver=2023032909,"76,300원",http://item.gmarket.co.kr/Item?goodscode=1445154131&ver=638156772875371091,1445154131
[봄이아트북스](봄이아트북스) 공룡대발이 생활동화 만나요/배워요 선택 구매,https:////gdimg.gmarket.co.kr/2853417304/still/300?ver=2023032909,"125,980원",http://item.gmarket.co.kr/Item?goodscode=2853417304&ver=638156772875371091,2853417304
[호정가]호정가 찹쌀약과세트 3KG (약 80입) / 대용량 전통과자세트,https:////gdimg.gmarket.co.kr/363495418/still/300?ver=2023032909,"22,900원",http://item.gmarket.co.kr/Item?goodscode=363495418&ver=638156772875371091,363495418&
[깨끗한나라](최종 9780/P79원)SAP FREE 생리대 순수한면 롱팬티라이너120P+4P증정,https:////gdimg.gmarket.co.kr/2292251777/still/300?ver=2023032909,"12,500원",http://item.gmarket.co.kr/Item?goodscode=2292251777&ver=638156772875371091,2292251777
[토토헤로스]토토헤로스 최대10%할인 여름선오픈+봄 최종세일 /등원룩/상하복 특가세일,https:////gdimg.gmarket.co.kr/2847684947/still/300?ver=2023032909,"9,900원",http://item.gmarket.co.kr/Item?goodscode=2847684947&ver=638156772875371091,2847684947
[크리넥스]데코소프트 3겹 수딩 27m 24롤x2팩/휴지/화장지,https:////gdimg.gmarket.co.kr/2492487008/still/300?ver=2023032909,"38,500원",http://item.gmarket.co.kr/Item?goodscode=2492487008&ver=638156772875371091,2492487008
[맥퀸뉴욕]1+1+1골프패치 UV쉴드 자외전차단패치 기미방어 선패치 추가 증정 3BOX+3EA 총15회분,https:////gdimg.gmarket.co.kr/2857394349/still/300?ver=2023032909,"18,900원",http://item.gmarket.co.kr/Item?goodscode=2857394349&ver=638156772875371091,2857394349
[아모스프로페셔널]아모스 녹차실감 지성(산뜻한 타입) 샴푸 500g 무료배송,https:////gdimg.gmarket.co.kr/2847699588/still/300?ver=2023032909,"17,500원",http://item.gmarket.co.kr/Item?goodscode=2847699588&ver=638156772875371091,2847699588
[크리오]크리오 덴티메이트토탈케어치약 150g 24입,https:////gdimg.gmarket.co.kr/1788322212/still/300?ver=2023032909,"15,900원",http://item.gmarket.co.kr/Item?goodscode=1788322212&ver=638156772875371091,1788322212
영림카디널 과학 시리즈 9종택1,https:////gdimg.gmarket.co.kr/2865732841/still/300?ver=2023032909,"24,420원",http://item.gmarket.co.kr/Item?goodscode=2865732841&ver=638156772875371091,2865732841
[락토핏]종근당건강 유산균 락토핏 골드 50포 3통(150일분) / 프로바이오틱스+아연,https:////gdimg.gmarket.co.kr/1577364431/still/300?ver=2023032909,"35,700원",http://item.gmarket.co.kr/Item?goodscode=1577364431&ver=638156772875371091,1577364431
[아침농산]2022년 햅쌀 농부의아침 쌀10kg 백미  상등급 한정수량 대방출,https:////gdimg.gmarket.co.kr/484828506/still/300?ver=2023032909,"22,900원",http://item.gmarket.co.kr/Item?goodscode=484828506&ver=638156772875371091,484828506&
[쵱선생]옛 이화 순대 명품 찰진 순대 당면 찰순대 500g x 2팩 (9990원 10% 쿠폰가) 56년 정통,https:////gdimg.gmarket.co.kr/2802269017/still/300?ver=2023032909,"11,100원",http://item.gmarket.co.kr/Item?goodscode=2802269017&ver=638156772875371091,2802269017
[농협](행사상품)믿고먹는안심농협쌀20KG 포 ,https:////gdimg.gmarket.co.kr/2005886978/still/300?ver=2023032909,"46,900원",http://item.gmarket.co.kr/Item?goodscode=2005886978&ver=638156772875371091,2005886978
[샐리의법칙]입는 오버나이트 팬티형 생리대 중형(3입) x 5팩 편안한 순면감촉 안심팬티,https:////gdimg.gmarket.co.kr/2763730762/still/300?ver=2023032909,"13,900원",http://item.gmarket.co.kr/Item?goodscode=2763730762&ver=638156772875371091,2763730762
[햇반]CJ 햇반 210g 36개 1박스,https:////gdimg.gmarket.co.kr/1651273917/still/300?ver=2023032909,"38,170원",http://item.gmarket.co.kr/Item?goodscode=1651273917&ver=638156772875371091,1651273917
[코카콜라제로](본사직영) 코카콜라 제로 355ml 24입,https:////gdimg.gmarket.co.kr/1667637975/still/300?ver=2023032909,"23,300원",http://item.gmarket.co.kr/Item?goodscode=1667637975&ver=638156772875371091,1667637975
[코카콜라]코카콜라 190ml x 60CAN,https:////gdimg.gmarket.co.kr/1784246790/still/300?ver=2023032909,"43,900원",http://item.gmarket.co.kr/Item?goodscode=1784246790&ver=638156772875371091,1784246790
[폴햄](롯데백화점)남성 여성 세미와이드 밴딩 슬랙스 팬츠외 3종택1 (PHD1PP1033 1039 2033 2043),https:////gdimg.gmarket.co.kr/2853715505/still/300?ver=2023032909,"22,550원",http://item.gmarket.co.kr/Item?goodscode=2853715505&ver=638156772875371091,2853715505
데이 스마일 박시 티셔츠_d,https:////gdimg.gmarket.co.kr/2858113777/still/300?ver=2023032909,"7,900원",http://item.gmarket.co.kr/Item?goodscode=2858113777&ver=638156772875371091,2858113777
[아모스프로페셔널]1+1 아모스 퓨어 스마트 모이스트(촉촉한 타입) 샴푸 500g 무료배송,https:////gdimg.gmarket.co.kr/2847728337/still/300?ver=2023032909,"22,500원",http://item.gmarket.co.kr/Item?goodscode=2847728337&ver=638156772875371091,2847728337
양념 꽃게장 4통+알배기 간장 꽃게장 4통,https:////gdimg.gmarket.co.kr/2698707052/still/300?ver=2023032909,"59,900원",http://item.gmarket.co.kr/Item?goodscode=2698707052&ver=638156772875371091,2698707052
[테크]테크 액체세제 클린앤리프레시(겸용) 대용량 8L,https:////gdimg.gmarket.co.kr/1779696398/still/300?ver=2023032909,"11,180원",http://item.gmarket.co.kr/Item?goodscode=1779696398&ver=638156772875371091,1779696398
[깨끗한나라]깨끗한나라 소프티 팝업 미용티슈 200매 10입,https:////gdimg.gmarket.co.kr/2698246977/still/300?ver=2023032909,"13,600원",http://item.gmarket.co.kr/Item?goodscode=2698246977&ver=638156772875371091,2698246977
[우체국쇼핑]강원도화천 무농약 눈개승마 1kg,https:////gdimg.gmarket.co.kr/2867239988/still/300?ver=2023032909,"14,240원",http://item.gmarket.co.kr/Item?goodscode=2867239988&ver=638156772875371091,2867239988
[별똥별](할인특가) 2023 야물야물그림책 전20권 : 세이펜선택구매,https:////gdimg.gmarket.co.kr/2839934185/still/300?ver=2023032909,"179,000원",http://item.gmarket.co.kr/Item?goodscode=2839934185&ver=638156772875371091,2839934185
[비비고]CJ제일제당 T 비비고 사골곰탕 500g 18봉,https:////gdimg.gmarket.co.kr/2481856800/still/300?ver=2023032909,"19,700원",http://item.gmarket.co.kr/Item?goodscode=2481856800&ver=638156772875371091,2481856800
리치부어스트 1.5kg 1개,https:////gdimg.gmarket.co.kr/2762355924/still/300?ver=2023032909,"22,500원",http://item.gmarket.co.kr/Item?goodscode=2762355924&ver=638156772875371091,2762355924
바다내음 통통 멍게 속살 500g / 13270원(10%쿠폰가) / 바다향 일품 / 2개 이상 구매시 초장증정,https:////gdimg.gmarket.co.kr/2778876733/still/300?ver=2023032909,"16,390원",http://item.gmarket.co.kr/Item?goodscode=2778876733&ver=638156772875371091,2778876733
완도전복활전복 특특대 고급횟감용(8-9미) 1kg 산소포장_국내양식산,https:////gdimg.gmarket.co.kr/2176758460/still/300?ver=2023032909,"38,900원",http://item.gmarket.co.kr/Item?goodscode=2176758460&ver=638156772875371091,2176758460
[아이코코]아이코코 KF94 KFAD 비말차단 마스크 새부리형,https:////gdimg.gmarket.co.kr/2803888633/still/300?ver=2023032909,"14,750원",http://item.gmarket.co.kr/Item?goodscode=2803888633&ver=638156772875371091,2803888633
[켈로그]콘푸로스트 600g 3개,https:////gdimg.gmarket.co.kr/2104251373/still/300?ver=2023032909,"13,500원",http://item.gmarket.co.kr/Item?goodscode=2104251373&ver=638156772875371091,2104251373
[벨라이프]위드 낮은 수건 숙면 경추베개 일자목 거북목 베개,https:////gdimg.gmarket.co.kr/2705261809/still/300?ver=2023032909,"13,900원",http://item.gmarket.co.kr/Item?goodscode=2705261809&ver=638156772875371091,2705261809
[버블트리]15% 주니어 여아 봄신상 스쿨룩  상하세트 팬츠 맨투맨 원피스 레깅스 데님 초등학생옷 초등여아,https:////gdimg.gmarket.co.kr/400871660/still/300?ver=2023032909,"15,000원",http://item.gmarket.co.kr/Item?goodscode=400871660&ver=638156772875371091,400871660&
오로라 LPP 트리트먼트 헤어팩 1000ml 1+1 총2000ml,https:////gdimg.gmarket.co.kr/226252659/still/300?ver=2023032909,"16,900원",http://item.gmarket.co.kr/Item?goodscode=226252659&ver=638156772875371091,226252659&
노랑 갓튀겨나온 곱빼기 오징어튀김 분식 튀김 떡볶이 500g + 500g,https:////gdimg.gmarket.co.kr/2577615040/still/300?ver=2023032909,"18,000원",http://item.gmarket.co.kr/Item?goodscode=2577615040&ver=638156772875371091,2577615040
[농협]해남농협 해남 황토 호박고구마 9kg(4.5kg2박스),https:////gdimg.gmarket.co.kr/2853036381/still/300?ver=2023032909,"29,900원",http://item.gmarket.co.kr/Item?goodscode=2853036381&ver=638156772875371091,2853036381
[오브쿡스]인덕션 특대형 계란말이팬 / 사각 프라이팬 에그팬 + 전용뒤집개,https:////gdimg.gmarket.co.kr/2675943468/still/300?ver=2023032909,"19,900원",http://item.gmarket.co.kr/Item?goodscode=2675943468&ver=638156772875371091,2675943468
[사라사라]사라사라 규조토 욕실 발매트 1+1,https:////gdimg.gmarket.co.kr/2774238136/still/300?ver=2023032909,"6,900원",http://item.gmarket.co.kr/Item?goodscode=2774238136&ver=638156772875371091,2774238136
[살림백서]라이스 허브 1종주방세제 750ml 3개(향선택),https:////gdimg.gmarket.co.kr/2485621778/still/300?ver=2023032909,"10,900원",http://item.gmarket.co.kr/Item?goodscode=2485621778&ver=638156772875371091,2485621778
[비비고]비비고 왕교자1.05kg 3개,https:////gdimg.gmarket.co.kr/1941744416/still/300?ver=2023032909,"28,820원",http://item.gmarket.co.kr/Item?goodscode=1941744416&ver=638156772875371091,1941744416
[제주삼다수]제주삼다수 그린 2L 24병 /생수전문배송,https:////gdimg.gmarket.co.kr/2316892877/still/300?ver=2023032909,"25,920원",http://item.gmarket.co.kr/Item?goodscode=2316892877&ver=638156772875371091,2316892877
[프레시누리]슬라이스 쪽갈비 400gX3팩,https:////gdimg.gmarket.co.kr/154499049/still/300?ver=2023032909,"17,900원",http://item.gmarket.co.kr/Item?goodscode=154499049&ver=638156772875371091,154499049&
[올바른]와이케어 프로바이오틱스 VL8 여성 질 유산균 아연 6개월분(2박스),https:////gdimg.gmarket.co.kr/2451432200/still/300?ver=2023032909,"23,900원",http://item.gmarket.co.kr/Item?goodscode=2451432200&ver=638156772875371091,2451432200
[진라면]진라면 매운맛 40봉,https:////gdimg.gmarket.co.kr/2429049781/still/300?ver=2023032909,"24,600원",http://item.gmarket.co.kr/Item?goodscode=2429049781&ver=638156772875371091,2429049781
[뉴트로지나]딥 클린 포밍 클렌저 175g 2개,https:////gdimg.gmarket.co.kr/2619728611/still/300?ver=2023032909,"15,400원",http://item.gmarket.co.kr/Item?goodscode=2619728611&ver=638156772875371091,2619728611
[하기스]하기스 맥스드라이/매직컴포트 2박스 + 사은품,https:////gdimg.gmarket.co.kr/2219126747/still/300?ver=2023032909,"82,500원",http://item.gmarket.co.kr/Item?goodscode=2219126747&ver=638156772875371091,2219126747
[보리]보리  병만이와 동만이 그리고 만만이 (전15권),https:////gdimg.gmarket.co.kr/2072395595/still/300?ver=2023032909,"112,500원",http://item.gmarket.co.kr/Item?goodscode=2072395595&ver=638156772875371091,2072395595
[폴햄](신세계의정부점)[폴햄키즈] 22SS 새학기 바람막이 바지 맨투맨 초특가전 PKC2TC3710 PKC3TR2810 PKC3PT...,https:////gdimg.gmarket.co.kr/2847624470/still/300?ver=2023032909,"7,900원",http://item.gmarket.co.kr/Item?goodscode=2847624470&ver=638156772875371091,2847624470
[리챔]리챔 오리지널 200g 10캔,https:////gdimg.gmarket.co.kr/2809510617/still/300?ver=2023032909,"22,900원",http://item.gmarket.co.kr/Item?goodscode=2809510617&ver=638156772875371091,2809510617
[아이러브베베]아이러브베베 물티슈 피치 100매 캡형X20팩,https:////gdimg.gmarket.co.kr/2016876637/still/300?ver=2023032909,"17,780원",http://item.gmarket.co.kr/Item?goodscode=2016876637&ver=638156772875371091,2016876637
[맥심](행사상품)N 동서식품맥심모카골드믹스230T 2760G ,https:////gdimg.gmarket.co.kr/701323554/still/300?ver=2023032909,"28,750원",http://item.gmarket.co.kr/Item?goodscode=701323554&ver=638156772875371091,701323554&
[SOUP]10%+20%쿠폰 SOUP 봄 패션/아울렛 특가 트렌치 코트 외,https:////gdimg.gmarket.co.kr/2793673305/still/300?ver=2023032909,"39,900원",http://item.gmarket.co.kr/Item?goodscode=2793673305&ver=638156772875371091,2793673305
[슈퍼대디](4팩 29960원+선착순 사은품) 12시간 파워흡수 울트라씬 팬티 4팩 외 밴드 기저귀 미스터펭 리얼소프트,https:////gdimg.gmarket.co.kr/2326811165/still/300?ver=2023032909,"36,800원",http://item.gmarket.co.kr/Item?goodscode=2326811165&ver=638156772875371091,2326811165
[리큐]리큐 진한겔 꿉꿉한냄새 싹 2.1L X6개 (겸용),https:////gdimg.gmarket.co.kr/1984042850/still/300?ver=2023032909,"28,900원",http://item.gmarket.co.kr/Item?goodscode=1984042850&ver=638156772875371091,1984042850
[슈퍼대디]아기물티슈 시그니처 미스터펭 민트 캡형 70매 20팩(70g),https:////gdimg.gmarket.co.kr/1478154564/still/300?ver=2023032909,"27,900원",http://item.gmarket.co.kr/Item?goodscode=1478154564&ver=638156772875371091,1478154564
[포레스트핏](P)(노컷진4탄) 배기 청바지 4컬러 (10+10%쿠폰가: 15.120원),https:////gdimg.gmarket.co.kr/2742406297/still/300?ver=2023032909,"18,900원",http://item.gmarket.co.kr/Item?goodscode=2742406297&ver=638156772875371091,2742406297
[다온샵]빅사이즈 에브리데이 치즈슬랙스(기본ver) 사방스판 히든밴딩 10%쿠폰가: 14.310원,https:////gdimg.gmarket.co.kr/2748717445/still/300?ver=2023032909,"15,900원",http://item.gmarket.co.kr/Item?goodscode=2748717445&ver=638156772875371091,2748717445
[남양]맛있는우유GT 고소한 락토프리 멸균우유 180ml 24입 2박스(총48입) /유통기한:2023-05-14 이후,https:////gdimg.gmarket.co.kr/1926412773/still/300?ver=2023032909,"29,400원",http://item.gmarket.co.kr/Item?goodscode=1926412773&ver=638156772875371091,1926412773
[베베쥬]베베쥬 10%쿠폰/여름신상 오픈/몸페팬츠/데일리룩등원룩티셔츠레깅스원피스 외,https:////gdimg.gmarket.co.kr/937468008/still/300?ver=2023032909,"9,900원",http://item.gmarket.co.kr/Item?goodscode=937468008&ver=638156772875371091,937468008&
[백산수]백산수 무라벨 2L 24병 /생수전문배송,https:////gdimg.gmarket.co.kr/2370069727/still/300?ver=2023032909,"21,120원",http://item.gmarket.co.kr/Item?goodscode=2370069727&ver=638156772875371091,2370069727
[파격조건]고메 함박스테이크 152gX10개,https:////gdimg.gmarket.co.kr/1718892809/still/300?ver=2023032909,"22,000원",http://item.gmarket.co.kr/Item?goodscode=1718892809&ver=638156772875371091,1718892809
[풀무원]촉촉한 닭가슴살만두 갈비맛 8개+김치 4개,https:////gdimg.gmarket.co.kr/2815603195/still/300?ver=2023032909,"21,170원",http://item.gmarket.co.kr/Item?goodscode=2815603195&ver=638156772875371091,2815603195
(북멘토) (3권이상무배) 수상한 시리즈 선택구매,https:////gdimg.gmarket.co.kr/2857233580/still/300?ver=2023032909,"9,100원",http://item.gmarket.co.kr/Item?goodscode=2857233580&ver=638156772875371091,2857233580
[강원평창수]강원평창수 2L 24병 /생수전문배송,https:////gdimg.gmarket.co.kr/2245367944/still/300?ver=2023032909,"15,400원",http://item.gmarket.co.kr/Item?goodscode=2245367944&ver=638156772875371091,2245367944
(G라이브 20320원)썬키스트 블랙라벨 고당도 오렌지 5kg (150g 33과 내외),https:////gdimg.gmarket.co.kr/2843735797/still/300?ver=2023032909,"23,900원",http://item.gmarket.co.kr/Item?goodscode=2843735797&ver=638156772875371091,2843735797
[동원참치]DHA 참치 150g 원터치 10개,https:////gdimg.gmarket.co.kr/1579106890/still/300?ver=2023032909,"21,900원",http://item.gmarket.co.kr/Item?goodscode=1579106890&ver=638156772875371091,1579106890
[SOil](S-OIL) 모바일주유권 5만원권,https:////gdimg.gmarket.co.kr/1782687491/still/300?ver=2023032909,"49,000원",http://item.gmarket.co.kr/Item?goodscode=1782687491&ver=638156772875371091,1782687491
[스팸]스팸 25%라이트 200g x9개,https:////gdimg.gmarket.co.kr/1552323183/still/300?ver=2023032909,"27,970원",http://item.gmarket.co.kr/Item?goodscode=1552323183&ver=638156772875371091,1552323183
[동원참치]동원 라이트 스탠다드 참치 100g 15캔 원터치,https:////gdimg.gmarket.co.kr/1607527508/still/300?ver=2023032909,"25,900원",http://item.gmarket.co.kr/Item?goodscode=1607527508&ver=638156772875371091,1607527508
[진라면]진라면 순한맛 40봉,https:////gdimg.gmarket.co.kr/2429053992/still/300?ver=2023032909,"24,600원",http://item.gmarket.co.kr/Item?goodscode=2429053992&ver=638156772875371091,2429053992
[깨끗한나라]깨끗한나라 순수 프리미엄 화장지 27m 30롤 2팩,https:////gdimg.gmarket.co.kr/2815362999/still/300?ver=2023032909,"36,900원",http://item.gmarket.co.kr/Item?goodscode=2815362999&ver=638156772875371091,2815362999
[종가집]종가집 행복이온 플러스 포기김치 10kg/본사직영,https:////gdimg.gmarket.co.kr/2014195909/still/300?ver=2023032909,"48,900원",http://item.gmarket.co.kr/Item?goodscode=2014195909&ver=638156772875371091,2014195909
미미스상회 혼합오메기떡 (60gX20개) 떡,https:////gdimg.gmarket.co.kr/2115737342/still/300?ver=2023032909,"21,400원",http://item.gmarket.co.kr/Item?goodscode=2115737342&ver=638156772875371091,2115737342
[영실업] 울고 웃고 말하는 옹알이 콩콩이 (N2 전국택배),https:////gdimg.gmarket.co.kr/2280522666/still/300?ver=2023032909,"25,830원",http://item.gmarket.co.kr/Item?goodscode=2280522666&ver=638156772875371091,2280522666
23SS최신상제이슨우 클래식 수트셋업 2종,https:////gdimg.gmarket.co.kr/2779996059/still/300?ver=2023032909,"119,900원",http://item.gmarket.co.kr/Item?goodscode=2779996059&ver=638156772875371091,2779996059
[구글플레이]기프트코드 1만원 / 구글 기프트카드,https:////gdimg.gmarket.co.kr/1654805524/still/300?ver=2023032909,"9,500원",http://item.gmarket.co.kr/Item?goodscode=1654805524&ver=638156772875371091,1654805524
[아이시스]아이시스 8.0 200mlx40펫 반값상품,https:////gdimg.gmarket.co.kr/2379075606/still/300?ver=2023032909,"10,800원",http://item.gmarket.co.kr/Item?goodscode=2379075606&ver=638156772875371091,2379075606
[케라시스]케라시스 퍼퓸 체리블라썸 샴푸 1L X3개,https:////gdimg.gmarket.co.kr/2536113679/still/300?ver=2023032909,"19,900원",http://item.gmarket.co.kr/Item?goodscode=2536113679&ver=638156772875371091,2536113679
[팔도비빔면]팔도 비빔면 130g x 20봉,https:////gdimg.gmarket.co.kr/1692708655/still/300?ver=2023032909,"17,900원",http://item.gmarket.co.kr/Item?goodscode=1692708655&ver=638156772875371091,1692708655
[난대]기능성티셔츠/쿨매쉬/쿨티셔츠/반팔티/기능티/쿨/면티,https:////gdimg.gmarket.co.kr/1555546190/still/300?ver=2023032909,"5,900원",http://item.gmarket.co.kr/Item?goodscode=1555546190&ver=638156772875371091,1555546190
[서울우유]멸균우유 200ml 24입+24입 (2박스),https:////gdimg.gmarket.co.kr/1942817063/still/300?ver=2023032909,"35,840원",http://item.gmarket.co.kr/Item?goodscode=1942817063&ver=638156772875371091,1942817063
[아디다스키즈](신세계경기점)[adidas kids] 아디다스키즈 인펀트 신발 39.000 균일가전,https:////gdimg.gmarket.co.kr/2838471128/still/300?ver=2023032909,"31,200원",http://item.gmarket.co.kr/Item?goodscode=2838471128&ver=638156772875371091,2838471128
[페이지플린]페이지플린 봄신상 특가모음 자켓/점퍼/원피스/팬츠 외,https:////gdimg.gmarket.co.kr/2102040109/still/300?ver=2023032909,"32,900원",http://item.gmarket.co.kr/Item?goodscode=2102040109&ver=638156772875371091,2102040109
[널담]널담은뚱카롱/마카롱 /8구 2박스/사랑1+감동1 (16구 구성),https:////gdimg.gmarket.co.kr/2423047704/still/300?ver=2023032909,"20,900원",http://item.gmarket.co.kr/Item?goodscode=2423047704&ver=638156772875371091,2423047704
(만만한책방) 만만한 수학 시리즈 전6권+컬러링북+독후활동지,https:////gdimg.gmarket.co.kr/2859382034/still/300?ver=2023032909,"53,760원",http://item.gmarket.co.kr/Item?goodscode=2859382034&ver=638156772875371091,2859382034
